player_id,player_name,team,selected_slug,decision,notes
"dd425a92-be0c-4a6b-847f-6f7695b9a63c","Peque","Sevilla FC","gerard-fernandez-castellano","ACCEPT","Verificado correctamente por vuestro propio auditor via API de Sorare."
"2fa36c6a-fb4a-4505-8e88-5fed220df8a4","Vinícius Júnior 2.º","Real Madrid","vinicius-jose-paixao-de-oliveira-junior","ACCEPT","Verificado correctamente por vuestro propio auditor via API de Sorare."
"7f36e34a-c829-41c1-afe4-8b798f13ba75","Oláiz","Deportivo Alavés","xanet-olaiz-ibarzabal","CANDIDATE_TO_VERIFY","Identidad confirmada por fuentes oficiales: Xanet Oláiz Ibarzábal, nacido 18/07/2005 en Astigarraga, defensa del Alavés (habitualmente en el filial). El slug 'xanet-olaiz' que probé no existe; probad esta variante con el segundo apellido u otras variantes vía vuestra API de Sorare. Es canterano con pocos minutos en 1ª plantilla, cabe la posibilidad de que aún no tenga carta en Sorare."
"c9ed15ae-a7cd-4ffa-9d58-1a577f869d6f","Cuti Romero","Atlético de Madrid","cristian-gabriel-romero","ACCEPT","Verificado correctamente por vuestro propio auditor via API de Sorare."
"c0150e31-ac62-4fba-8bff-31d36e1453d0","X. Olaiz","Deportivo Alavés","xanet-olaiz-ibarzabal","CANDIDATE_TO_VERIFY","Misma persona que la fila 'Oláiz' (ver sorare-duplicate-audit). Aplicar la misma decisión a ambas filas y revisar duplicidad de player_id."
"995c6cb9-cfa2-4601-a5cc-dd1c94f46dac","Konaré","Elche CF","umaru-konare-tounkara","CANDIDATE_TO_VERIFY","Identidad confirmada: Umaru Konaré Tounkara, nacido 10/08/2004 en Monforte del Cid. Acaba de debutar con el primer equipo del Elche en pretemporada 2026/27 (procede del filial). Es tan reciente su subida que podría no tener aún carta en Sorare - confirmar con vuestra API."
"3a2f38e9-9bb0-44fb-96c5-b49fe02b8ce4","Fede Valverde","Real Madrid","federico-santiago-valverde-dipetta","ACCEPT","Verificado correctamente por vuestro propio auditor via API de Sorare."
"70f68fc6-bb68-4110-9072-2519fc39a8e9","Manuel Fernández Arroyo","Celta de Vigo","manuel-fernandez-arroyo","ACCEPT","Verificado correctamente por vuestro propio auditor via API de Sorare."
"783bd670-f5b9-4f0f-9b7f-3336feba0481","Damián Rodríguez Sousa","Celta de Vigo","damian-rodriguez-sousa","ACCEPT","El club distinto no es un error de identidad: es normal que el dato de club en Sorare esté más actualizado que el de vuestra tabla si hubo cesión/traspaso reciente. Nombre y fecha de nacimiento (2003-03-17) coinciden exactamente. Aceptar el slug."
"c566781b-dea2-41b8-952c-91dbcd95befe","Carlos Domínguez Cáceres","Celta de Vigo","carlos-dominguez-caceres","ACCEPT","Mismo caso: nombre y fecha de nacimiento (2001-02-11) coinciden exactamente con el jugador real del Celta. El club distinto en Sorare probablemente refleja un traspaso/cesión más reciente que vuestro dato. Aceptar el slug."
"e9b10bb1-fff6-4dfa-b17d-1cfe6ad446ab","Enzo Bardelli","Levante UD","enzo-bardeli","ACCEPT","Verificado correctamente por vuestro propio auditor via API de Sorare."
"4677f6e6-e372-4264-b10e-4c31734c975c","José Luis Gayà","Valencia CF","jose-luis-gaya-pena","ACCEPT","Verificado correctamente por vuestro propio auditor via API de Sorare."
"6f15a767-deb1-4ab1-9294-b3661cb39230","Unai Egiluz","Athletic Club","unai-eguiluz-arroyo","ACCEPT","Verificado correctamente por vuestro propio auditor via API de Sorare."
"83bc3f7a-7c26-4faa-92f2-933bdcb748c2","Iñaki Williams","Athletic Club","inaki-williams-arthuer","ACCEPT","Verificado correctamente por vuestro propio auditor via API de Sorare."
"df216cb7-939b-47b9-8470-749ab4d334b3","Urko González","RCD Espanyol","urko-gonzalez-de-zarate-quiros","ACCEPT","Verificado correctamente por vuestro propio auditor via API de Sorare."
"4d110094-84d7-48ec-bc2b-b587b8f41faa","Fede Redondo","Elche CF","federico-redondo-solari","ACCEPT","Verificado correctamente por vuestro propio auditor via API de Sorare."
"9c982d7d-cf82-4635-9da0-ac0827925446","Daniel Lorenzo Guerrero","Málaga CF","daniel-lorenzo-guerrero","ACCEPT","Verificado correctamente por vuestro propio auditor via API de Sorare."
"e37fb60c-a5e2-4956-b251-1264453ab851","Rafael Rodríguez Ruiz","Málaga CF","rafael-rodriguez-ruiz","ACCEPT","Verificado correctamente por vuestro propio auditor via API de Sorare."
"95cadb09-32ab-4d60-ae48-d7c12edae341","Carlos Ruiz Rubio","Málaga CF","carlos-ruiz-rubio","ACCEPT","Verificado correctamente por vuestro propio auditor via API de Sorare."
"136b3790-9567-492c-aec6-2271d2b05b6d","Juan Cruz Díaz Espósito","Málaga CF","juan-cruz-diaz-esposito","ACCEPT","Verificado correctamente por vuestro propio auditor via API de Sorare."
"2cf5c505-e46c-48c6-8aa9-319ac17363ff","Lucas Torró","CA Osasuna","lucas-torro-marset","ACCEPT","Verificado correctamente por vuestro propio auditor via API de Sorare."
"0ccb80f2-591a-47f5-8adf-647f808d15d5","Raúl García de Haro","CA Osasuna","raul-garcia-de-haro","ACCEPT","Verificado correctamente por vuestro propio auditor via API de Sorare."
"e032bbb0-c6b1-4b29-a96c-46a757936337","Pedro Felipe de Jesus Gomes","Racing de Santander","pedro-felipe-de-jesus-gomes","ACCEPT","Verificado correctamente por vuestro propio auditor via API de Sorare."
"795d2bc0-d7b5-4a0f-859b-5c5e9c68a2ec","Luiz Felipe Ramos Marchi","Rayo Vallecano","luiz-felipe-ramos-marchi","ACCEPT","Verificado correctamente por vuestro propio auditor via API de Sorare."
"39dd8643-4a50-4890-b2a8-20d28af3216d","Federico Valverde 1.º","Real Madrid","federico-santiago-valverde-dipetta","ACCEPT","Verificado correctamente por vuestro propio auditor via API de Sorare."
"e58b365c-4c91-454b-bd4f-44f0cb69c99c","Raúl Asencio del Rosario","Real Madrid","raul-asencio-del-rosario","ACCEPT","Verificado correctamente por vuestro propio auditor via API de Sorare."
"ea359cce-fb80-4a6c-a1f9-3a0b496b3363","Marcos do Nascimento Teixeira","Sevilla FC","marcos-do-nascimento-teixeira","ACCEPT","¡Ya está resuelto en vuestros propios datos! En sorare-auto-audit.csv aparece 'Marcão' (Sevilla FC) verificado con ese mismo slug exacto (nacido 1996-06-05, Sevilla FC, VERIFIED_API_IDENTITY). Es la misma persona con dos nombres distintos en vuestra base. Aplicar el slug y revisar si también hay player_id duplicado."
"fd111d17-457c-4e16-bf15-ea1aaa822185","Jorge de Frutos Sebastián","Rayo Vallecano","jorge-de-frutos-sebastian","ACCEPT","Verificado correctamente por vuestro propio auditor via API de Sorare."
